{
  "T_delta": 1345,
  "Omega": 0.33353144232183113,
  "IRI": 1.9982180781477268,
  "threshold": 0.5,
  "steps": 4000,
  "dt": 0.005
}